id,ca,de,en,es,fr,pl,pt
ADD,Afegir,hinzufügen,Add,Añadir,Ajouter,Dodaj,Adicionar
ADVANCED_OPTIONS,Opcions avançades,Erweiterte Optionen,Advanced options,Opciones avanzadas,Options avancées,Opcje zaawansowane,Opções avançadas
ALL_RIGHT_RESERVED,Tots els drets reservats,Alle Rechte vorbehalten,All rights reserved,Todos los derechos reservados,tous droits réservés,Wszelkie prawa zastrzeżone,Todos os direitos reservados
ALREADY_INSTALLED,Ja he instal·lat el joc,Ich habe das Spiel schon installiert,I already installed the game,Ya he instalado el juego,J'ai déjà installé le jeu,Zainstalowałem już grę,Eu já instalei esse jogo
AUTO_TRANSLATION_DISCLAIMER,"La traducció automàtica es fa servir per interactuar amb la IA en l'idioma seleccionat en comptes de l'anglès.
Però no tradueix la interfície!","Die automatische Übersetzung wird dazu verwendet, an Stelle von Englisch, mit der ausgewählten Sprache mit der KI zu interagieren. Sie übersetzt nicht das Interface!","The automatic translation is used to interact with the AI with the selected language instead of English.
It doesn't translate the interface!","La traducción automática se usa para interactuar con la IA en el idioma seleccionado en vez del inglés.
¡Pero no traduce la interfaz!","La traduction automatique est utilisée pour interagir avec l'IA dans la langue sélectionnée au lieu de l'anglais.
Ça ne traduit pas l'interface !","Automatyczne tłumaczenie jest używane do interakcji z AI w wybranym języku zamiast Angielskiego.
Nie tłumaczy ono interfejsu!",A tradução automática é usada para interagir com a IA com a linguagem selecionada ao invés de inglês
CANCEL,Cancel·lar,Abbrechen,Cancel,Cancelar,Annuler,Anuluj,Cancelar
CHARACTER_POPUP_INFO,"Per generar un atribut, el joc llança 3 daus de 6 i multiplica el resultat per 5.
Per tant, un atribut pot estar entre 15 i 90.
Quan fas una acció, el resultat no ha de superar 100. El resultat és exitós és inferior al teu atribut. Com més a prop sigui de l'1, millor resultat. Un 1 és un crític.","Um ein Attribut zu erzeugen, würfelt das Spiel mit 3 6er-Würfeln und multipliziert das Ergebnis mit 5.
Daher kann ein Attribut zwischen 15 und 90 liegen.
Wenn Sie eine Aktion versuchen, wird ein 100er Würfel geworfen. Das Ergebnis ist ein Erfolg, wenn Sie eine Zahl unter Ihrem Attributwert würfeln.
Je näher das Ergebnis an 1 ist, desto besser der Erfolg. 1 Ist ein kritischer Erfolg.","To generate an attribute, the game rolls 3 dice of 6 and multiplies the result by 5.
Therefore, an attribute can be between 15-90.
When you try an action you must roll on 100. The result is a success if you roll under your attribute score.
The closer to 1, the better the result. 1 is a critical success.","Para generar un atributo, el juego lanza 3 dados de 6 y multiplica el resultado por 5.
Por lo tanto, un atributo puede estar entre 15 y 90.
Cuando realizas una acción, el resultado no debe estar por encima de 100. El resultado es exitoso si es menor que tu atributo.
Cuanto más cerca esté del 1, mejor resultado. Un 1 es un crítico.","Pour générer un attribut, le jeu lance 3 dés de 6 et multiplie le résultat par 5.
Par conséquent, un attribut peut être entre 15-90.
Lorsque vous essayez une action, vous devez lancer un dé 100. Le résultat est un succès si il est sous votre score d'attribut.
Le plus proche de 1, le mieux. 1 est un succès critique.","Aby wygenerować atrybut, gra rzuca 3 kośćmi 6 ściennymi i mnoży wynik przez 5.
Dlatego wynik może być w przedziale 15-90.
Kiedy próbujesz wykonać akcję musisz rzucić 100. Akcja kończy się sukcesem jeśli rzucisz wynik mniejszy niż punkty atrybutu.
Im bliżej do 1, tym lepszy rezultat. 1 to wielki sukces.","Para gerar um atributo, o jogo rola 3 dados de 6 e multiplica o resultado por 5.
Logo, um atributo pode estar entre 15-90. Quando você tenta uma ação você deve rolar em 100. O resultado será sucesso se rolar abaixo do seu atributo
Quanto mais perto de 1, melhor o resultado. 1 é um sucesso crítico."
CHARACTER_POPUP_INFO_TITLE,Com funciona?,Wie funktioniert es?,How does it work?,¿Cómo funciona?,Comment ça marche?,Jak to działa?,Como isso funciona?
CHARISMA,Carisma,Charisma,Charisma,Carisma,Charisme,Charyzma,Carisma
CLOSE,Tancar,Schließen,Close,Cerrar,Fermer,Zamknij,Fechar
CONFIRMATION_DIALOG_TITLE,Confirma si us plau…,Bitte bestätigen...,Please confirm...,Confirma por favor…,Veuillez confirmer...,Proszę potwierdzić…,Por favor confirmar…
CONSOLE,,Konsole,Console,,Console,Konsola,
CONSTITUTION,Constitució,Konstitution,Constitution,Constitución,Constitution,Konstytucja,Constituição
CONTEXT_MAX_LENGTH,Longitud màxima del context,Maximale Kontextlänge,Context max length,Longitud máxima del contexto,Taille max du contexte,Maksymalna długość kontekstu,Tamanho máximo do contexto
CONTEXT_MAX_LENGTH_HINT,"Quants caràcters, prèviament generats, hauria de recordar la IA?",Wie viele zuvor generierte Zeichen muss sich die KI merken?,How many previously generated characters the AI must remember.,¿Cuántos caracteres generados previamente debería recordar la IA?,Combien de caractères précédemment générés l'IA doit-elle se rappeler?,Jak wiele poprzednio wygenerowanych liter musi pamiętać AI.,Quantos caracteres gerados anteriormente a IA deve lembrar.
CRITICAL_FAIL_PREFIX,fracassa patèticament,auf erbärmliche Art und Weise,pathetically fail to,fracasa patéticamente,échoues pathétiquement à,żałośnie nie udało się,falha pateticamente em
CRITICAL_SUCCESS_PREFIX,perfectament,perfekt,perfectly,perfectamente,réussis à la perfection à,perfekcyjnie,perfeitamente
CUSTOM_MODEL,Model personalitzat,Benutzerdefiniertes Modell,Custom model,Modelo personalizado,Model personnalisé,Niestandardowy model,Modelo customizado
CUSTOM_SCENARIOS,Escenaris personalitzats,Benutzerdefinierte Szenarien,Custom scenarios,Escenarios personalizados,Scénarios personnalisés,Niestandardowe scenariusze,Cenários customizados
CUSTOM_START,Inici personalitzat,Benutzerdefinierter Start,Custom start,Comienzo personalizado,Départ personalisé,Niestandardowy początek,Inicio customizado
DELETE,Esborrar,Löschen,Delete,Borrar,Supprimer,Usuń,Deletar
DELETE_CONFIRMATION,Segur que ho vols esborrar?,"Sind Sie sicher, dass Sie das löschen möchten?",Are you sure you want to delete it?,¿Seguro que lo quieres borrar?,Êtes-vous sûr de vouloir supprimer?,Jesteś pewny że chcesz to usunąć?,Você tem certeza que quer deletar?
DESCRIPTION,,Beschreibung,Description,,Description,Opis,
DEXTERITY,Destresa,Geschicklichkeit,Dexterity,Destreza,Dextérité,Zręczność,Destreza
DISPLAY_ADVANCED_OPTIONS,Mostrar les opcions avançades,Erweiterte Optionen anzeigen,Display advanced options,Mostrar las opciones avanzadas,Afficher les options avancées,Wyświetl zaawansowane opcje,Mostrar opções avançadas
DISPLAY_ONLY_PNG,,Es werden nur PNG Dateien angezeigt.,Only PNG are displayed.,,Seulement les PNG sont affichés.,Tylko PNG są wyświetlane,
DOWNLOAD,,Herunterladen,Download,,Télécharger,Pobierz,
DOWNLOAD_DIALOG_LABEL,"Si us plau, espera que acabi la baixada.","Bitte warten Sie, bis der Download abgeschlossen ist.",Please wait until the download is done.,"Por favor, espera a que termine la descarga.",Veuillez attendre que le téléchargement soit terminé.,Proszę poczekać zanim pobieranie się skończy.,Por favor aguarde até o download finalizar
DOWNLOAD_TRANSLATOR_CONFIRMATION,Vols baixar els traductors?,Möchten Sie die Übersetzer herunterladen?,Do you want to download the translators?,¿Quieres descargar los traductores?,Voulez vous télécharger les traducteurs?,Czy chcesz pobrać tłumaczy?,Você quer baixar os tradutores?
DOWNLOAD_TRANSLATOR_WARNING,"Necessites baixar els traductors per activar la traducció automàtica.
Si uses un servidor remot, no et cal descarregar-los.","Sie müssen die Übersetzer herunterladen, um die automatische Übersetzung zu verwenden.
Falls Sie einen Remote Server vewenden, müssen Sie die Übersetzer nicht herunterladen.","You need to download the translators in order to enable the automatic translation.
If you are using a remote server, you don't have to download the translators.","Necesitas descargar los traductores para activar la traducción automática.
Si estás usando un servidor remoto, no necesitas descargarlos.","Vous devez télécharger les traducteurs pour activer la traduction automatique.
Si vous utilisez un serveur distant, vous n’avez pas à télécharger les traducteurs.","Musisz pobrać tłumaczy aby włączyć automatyczne tłumaczenie.
Jeśli używasz serwera zdalnego, nie musisz pobierać tłumaczy.","Você precisa baixar os tradutores para habilitar a tradução automática.
Se estiver usando um servidor remoto, não precisa baixar os tradutores."
DO_SAMPLE_HINT,"Activar la selecció aleatòria de la paraula següent.
Això limita la repetició.","Aktivieren Sie die zufällige Auswahl des nächsten Wortes.
Dadurch werden Wiederholungen begrenzt.","Enable randomly picking the next word.
It limits the repetition.","Activar la selección aleatoria de la siguiente palabra.
Esto limita la repetición.","Permet de choisir au hasard le mot suivant.
Ça limite la répétition.","Włącz losowe dobieranie kolejnego wyrazu.
Eliminuje powtarzalność.","Permite escolher randomicamente a próxima palavra.
Isso limita a repetição."
EDIT,Modificar,Bearbeiten,Edit,Editar,Modifier,Edytuj,Editar
EDIT_BAR_ASK_GENERATION,Tornar a generar,Nächste Generation fragen,Ask another generation,Volver a generar,Demander une autre génération,Poproś o nową generację,Pedir outra geração
EDIT_BAR_NEXT,Següent,Nächste,Next,Siguiente,Suivant,Dalej,Próximo
EDIT_BAR_PREVIOUS,Anterior,Vorherige,Previous,Anterior,Précédent,Wstecz,Anterior
EDIT_BAR_VALIDATE,Acceptar,Bestätigen,Validate,Aceptar,Valider,Potwierdź,Validar
ENABLE_AUTO_TRANSLATION,Activar la traducció automàtica,Automatische Übersetzung aktivieren,Enable the automatic translation,Activar la traducción automática,Activer la traduction automatique,Włącz automatyczne tłumaczenie,Habilitar a tradução automática
END_DEMO_MESSAGE,"Gràcies per jugar a la demo d'Aidventure!
Has arribat al final.
Compra el joc per continuar aquesta aventura.","Vielen Dank, dass Sie die Demo von AIdventure gespielt haben!
Sie haben das Limit erreicht.
Kaufen Sie das Spiel, um dieses Abenteuer fortzusetzen.","Thank you for playing AIdventure's demo!
You reached the limit.
Buy the game to continue this adventure.","¡Gracias por jugar a la demo de Aidventure!
Has llegado al final.
Compra el juego para continuar esta aventura.","Merci d'avoir joué à la démo d'AIdventure !
Vous avez atteint la limite.
Achetez le jeu pour continuer cette aventure.","Dzięki za granie w demo Aideventure!
Właśnie osiągnąłeś limit.
Zakup pełną wersję gry aby kontynuować swoją przygodę.","Obrigado por jogar a demo de AIdventure!
Você atingiu o limite.
Compre o jogo para continuar essa aventura."
ENTRY,,Eintrag,Entry,,Entrée,Wpis,
ERROR_POPUP_CLIPBOARD,Copiar els registres al porta-retalls,Protokolle in die Zwischenablage kopieren,Copy logs to clipboard,Copiar los registros en el portapapeles,Copier les logs dans le presse-papiers,Skopiuj logi do schowka,Copiar logs para a área de transferência
ERROR_POPUP_REPORT,Reporta l'error a Discord o al fòrum,Fehler auf Discord oder im Forum melden,Report the error on Discord or the forum,Reporta el error en Discord o en el foro,Signaler l'erreur sur Discord ou sur le forum,Zgłoś błąd na Discordzie lub na forum,Reportar um erro no Discord ou fórum
ERROR_POPUP_TITLE,Hi ha hagut un error!,Es ist ein Fehler aufgetreten!,An error occured!,¡Ha ocurrido un error!,Une erreur est survenue,Wystąpił błąd,Ocorreu um erro!
ESCAPE_MENU_EDIT_STORY,Modificar la història,Geschichte bearbeiten,Edit the story,Modificar la historia,Modifier l'histoire,Edytuj historię,Editar a historia
EXPORT,Exportar,exportieren,Export,Exportar,Exporter,Eksportuj,Exportar
EXTREME_SUCCESS_PREFIX,competentment,auf kompetente Art und Weise,competently,competentemente,réussis avec compétence à,umiejętnie,competentemente
FAILED_UPLOAD_TO_WORKSHOP,,Das Hochladen in den Workshop ist fehlgeschlagen.,Uploading to the Workshop failed.,,L'envoi vers le Workshop a échoué.,Przesyłanie do Warsztatu nie powiodło się,
FIRST_PERSON_PRONOUN,Jo,Ich,I,Yo,Je,Ja,Eu
FONT,Tipus de lletra,Schriftart,Font,Tipo de letra,Police,Czcionka,Fonte
FONT_COLOR,Color de la lletra,Schriftfarbe,Font color,Color de la letra,Couleur de la police,Kolor czcionki,Cor da fonte
FONT_SIZE,Mida de la lletra,Schriftgröße,Font size,Tamaño de la letra,Taille de la police,Rozmiar czcionki,Tamanho da fonte
FORUM,Fòrum,Forum,Forum,Foro,Forum,Forum,Fórum
FRIENDS_ONLY,,Nur Freunde,Friends only,,Amis seulement,Tylko znajomi,
GENERATION_MAX_LENGTH,Longitud màxima de la generació,Maximal generierte länge,Generation's max length,Longitud máxima de la generación,Taille max de la génération,Maksymalna długość generacji,Tamanho máximo da geração
GENERATION_MAX_LENGTH_HINT,Màxim de paraules a generar,Die maximal zu generierenden Wörter.,The maximum words to be generated.,Máximo de palabras a generar,Le nombre maximum de mots à générer.,Maksymalna ilość wyrazów do wygenerowania.,O máximo de palavras a serem geradas
IMPORT,Importar,importieren,Import,Importar,Importer,Importuj,Importar
INCOMPATIBLE_MEMORY_ACCEPT,Sí! Canviar l'opció,Ja! Änderung Übernehmen.,Yes! Change the option,¡Sí! Cambiar la opción,Oui! Changer l'option,Tak! Zmień tę opcję,Sim! Mude a opção
INCOMPATIBLE_MEMORY_QUESTION,Vols canviar l'opció “Longitud de memòria màxima” per jugar en aquest escenari en les millors condicions?,"Möchten Sie die Option „Maximale Speicherlänge“ ändern, um dieses Szenario unter den besten Bedingungen zu spielen?","Do you want to change the ""Memory max length"" option to play this scenario in the best conditions?",¿Quieres cambiar la opción “Longitud de memoria máxima” para jugar en este escenario en las mejores condiciones?,"Voulez-vous changer l'option ""Taille max de la mémoire"" pour jouer ce scénario dans les meilleures conditions ?",Czy chcesz zmienić opcję „Maksymalna długość pamięci” aby zagrać w ten scenariusz w najlepszych warunkach?,Você quer mudar a opção “Tamanho máximo de memória” para jogar esse cenário nas melhores condições?
INCOMPATIBLE_MEMORY_REFUSE,No. No canviar res.,Nein. Nichts ändern,No. Don't change anything,No. No cambiar nada.,Non. Ne rien changer,Nie. Nic nie zmieniaj,Não. Não mude nada
INCOMPATIBLE_MEMORY_WARNING,"La “Longitud de memòria màxima” definida a la teva opció és massa petita per a aquest escenari.
Longitud de memòria necessària :","Die in Ihrer Option definierte ""Maximale Speicherlänge"" ist für diese Geschichte zu gering.
Erforderliche Speicherlänge:","The ""Memory max length"" defined in your option is too small for this scenario.
Memory length required : ","La “Longitud de memoria máxima” definida en tu opción es demasiado pequeña para este escenario.
Longitud de memoria necesaria :","La ""Taille max de la mémoire"" définie dans les options est trop petite pour ce scénario.
Longueur de mémoire requise : ","„Maksymalna długość pamięci” wybrana w twoich opcjach jest zbyt mała do toego scenariusza.
Wymagana długość pamięci:","O “Tamanho máximo de memória” definido em suas opções é muito pequeno para esse cenário.
Tamanho de memória requerido:"
INPUT_BAR_DO,Fer,Tun,Do,Hacer,Faire,Zrób,Faça
INPUT_BAR_DO_HINT,buidar la teva galleda d'aigua al cap del cavaller.,den Wassereimer auf dem Kopf des Ritters entleeren,empty your bucket of water on the knight's head.,vaciar tu cubo de agua en la cabeza del caballero.,vides ton seau d'eau sur la tete du chevalier.,opróżnij wiadro wody na głowie rycerza.,esvazie o seu balde d'água na cabeça do cavalheiro
INPUT_BAR_GENERATE,Generar,Generieren,Generate,Generar,Générer,Generuj,Gerar
INPUT_BAR_MEMORY,Memòria,Speicher,Memory,Memoria,Mémoire,Pamięć,Memoria
INPUT_BAR_MEMORY_HINT,Fes clic per modificar la memòria.,"Hier klicken, um den Speicher zu ändern.",Clic to modify memory.,Haz clic para modificar la memoria.,Cliquer pour modifier la mémoire.,Kliknij aby modyfikować pamięć.,Clique para modificar a memoria
INPUT_BAR_MODE_BUTTON_HINT,Fes clic per canviar de mode.,"Hier klicken, um den Modus zu wechseln.",Clic to switch of mode.,Haz clic para cambiar de modo.,Cliquer pour changer de mode.,Kliknij aby zmienić tryb.,Clique para mudar o modo
INPUT_BAR_SAY,Dir,Sagen,Say,Decir,Dire,Powiedz,Falar
INPUT_BAR_SAY_HINT,"Senyor, aquesta és la serva mula o la seva progenitora?","Sir, ist das Ihr Maultier oder Ihre Genetrix?","Sir, is that your mule or your genetrix?","¿Señor, es esa su mula o su progenitora?","Sire, est-ce votre mule ou votre génitrice","Panie, to jest muł czy pana matka?","Senhor, essa é sua mula ou sua genetrix?"
INPUT_BAR_STORY,Història,Geschichte,Story,Historia,Histoire,Historia,História
INPUT_BAR_STORY_HINT,El cavaller desembeina la seva espasa i fa un pas endavant.,Der Ritter zieht sein Schwert und macht einen Schritt nach vorne.,The knight draws his sword and takes a step forward.,El caballero desenvaina su espada y da un paso adelante.,Le chevalier dégaine son épée et fait un pas en avant.,Rycerz wydobywa swój miecz i wykonuje krok do przodu.,O guerreiro tira a espada e dá um passo a frente
INPUT_BAR_TRY,Intentar,Versuchen,Try,Intentar,Essayer,Spróbuj,Tentar
INPUT_BAR_TRY_HINT,amagar l'anell robat a la teva butxaca.,Verstecke den gestohlenen Ring in deiner Tasche.,conceal the stolen ring in your pocket.,esconder el anillo robado en tu bolsillo.,cacher la bague volée dans ta poche.,ukryć skradziony pierścień w swojej kieszeni.,esconda o anel roubado em seu bolso.
INSTALLER_NOT_FOUND,Instal·lador no trobat.,Das Installationsprogramm konnte nicht gefunden werden,Installer not found.,Instalador no encontrado.,Installateur introuvable.,Nie znaleziono instalatora.,Instalador não encontrado.
INSTALL_NOT_FOUND,"El joc no ha trobat la instal·lació. Si us plau, executa l'instal·lador i instal·la el joc.",Die Installation konnte nicht gefunden werden. Bitte das Installationsprogramm ausführen um das Spiel zu installieren,"The game didn't find the installation. Please, run the installer and install the game.","El juego no ha encontrado la instalación. Por favor, ejecuta el instalador e instala el juego.",Le jeu n’a pas trouvé l'installation. Veuillez lancer l'installateur et installer le jeu.,Gra nie znalazła instalacji. Proszę uruchomić instalator i zainstalować grę.,O jogo não encontrou a instalação Por favor rode o instalador e instale o jogo.
INSTALL_OUTDATED,"La teva instal·lació està obsoleta. Si us plau, executa l'instal·lador i actualitza-la.",Die Installation ist veraltet. Bitte das Installationsprogramm ausführen um die Installation zu aktualisieren,"Your installation is outdated. Please, run the installer and update.","Tu instalación está obsoleta. Por favor, ejecuta el instalador y actualízala.",Votre installation est obsolète. Veuillez exécuter l'installateur et mettre à jour.,Twoja instalacja jest nieaktualna. Proszę uruchomić instalator i ją uaktualnić.,"Sua instalação é antiga. Por favor, rode o instalador e atualize."
INTELLIGENCE,Intel·ligència,Intelligenz,Intelligence,Inteligencia,Intelligence,Inteligencja,Inteligência
INTERFACE_LANGUAGE,Idioma de la interfície.,Schnittstellensprache,Interface language,Idioma de la interfaz.,Langue de l'interface,Język interfejsu,Linguagem da interface
INTRO_DEMO_BUY,Comprar el joc,Spiel kaufen,Buy the game,Comprar el juego,Acheter le jeu,Zakup grę,Comprar o jogo
INTRO_DEMO_DISCORD,Unir-se al Discord,Discord beitreten,Join the discord,Unirse al Discord,Rejoindre le discord,Dołącz na Discorda,Entrar no Discord
INTRO_DEMO_ENABLED_MODELS,Només estan activats els models següents:,folgende Modelle sind aktiviert:,Only the following models are enabled:,Solo están activados los siguientes modelos:,Seuls les models suivants sont activés:,Jedynie podane modele są włączone:,Apenas os seguintes modelos estão habilitados:
INTRO_DEMO_LIMITATIONS,Les teves aventures estan limitades a,Ihre Abenteuer sind begrenzt auf,Your adventures are limited to,Tus aventuras están limitadas a,Vos aventures sont limitées à,Twoje przygody ograniczają się do,Suas aventuras são limitadas a
INTRO_DEMO_PLAY,Jugar,Das Spiel spielen,Play the game,Jugar,Jouer au jeu,Zagraj w grę,Jogar o jogo
INTRO_DEMO_TITLE,Gràcies per baixar la demo d'Aidventure!,"Vielen Dank, dass Sie die Demo von AIdventure heruntergeladen haben!",Thank you for downloading AIdventure's demo!,¡Gracias por descargar la demo de Aidventure!,Merci pour le d'avoir téléchargé de la démo d'AIdventure !,Dzięki za pobranie dema Aidventure!,Obrigado por instalar a demo de AIdventure!
IN_GAME_TOP_MENU,Menú,Menü,Menu,Menú,Menu,Menu,Menu
IN_GAME_TOP_MENU_HINT,Prem l’ESC per obrir-lo.,ESC zum Öffnen drücken,Press ESC to open it.,Presiona ESC para abrirlo.,Appuyer sur ÉCHAP pour l'ouvrir.,Naciśnij ESC aby otworzyć.,Pressione ESC para abrir
ITEM_URL,,Gegenstand-URL,Open item URL,,Ouvrir l'URL de l'objet,Otwórz adres URL przedmiotu,
I_ACCEPTED_TOS,,Ich habe die Nutzungsbedingungen akzeptiert.,I accepted the terms of use.,,J'ai accepté les conditions d'utilisation.,Zaakceptowałem warunki użytkowania,
LANGUAGE,Idioma,Sprache,Language,Idioma,Langue,Język,Linguagem
LAUNCH_INSTALLER,Iniciar l'instal·lador,Installationsprogramm ausführen,Launch the installer,Iniciar el instalador,Lancer l'installeur,Uruchom instalator,Iniciar o instalador
LINE_SEPARATION,Separació entre línies,Linientrennung,Line separation,Separación entre lineas,Séparation entre les lignes,Odległość między liniami,Separação de linha
LOAD,Carregar,Laden,Load,Cargar,Charger,Wczytaj,Carregar
LOREBOOK,Llibre del Coneixement,Geschichtsbuch,Lorebook,Libro del Conocimiento,Encyclopédie,Księga wiedzy,Enciclopédia
LOREBOOK_HINT,"El títol de l'entrada no és enviat al servidor. Si el teu títol és “Batman” hauries de tenir “Batman” a la definició.
Per exemple: “Batman és un superheroi sense superpoders.”","Der Eintragstitel wird nicht zum Server geschickt. Falls also der Eintrag „Batman“ heißt, sollte auch die Definition „Batman“ sein.
Beispiel: „Batman ist ein Superheld ohne eine Superkraft“","The entry title isn't sent to the server. If your entry title is ""Batman"" you should have ""Batman"" in the definition.
Example: ""Batman is a super hero with no special power.""","El título de la entrada no es enviado al servidor. Si tu título es “Batman” deberías tener “Batman” en la definición.
Por ejemplo: “Batman es un superhéroe sin superpoderes.”","Le titre de l'entrée n'est pas envoyé au serveur. Si votre titre d'entrée est ""Batman"" vous devriez avoir ""Batman"" dans la définition.
Exemple : ""Batman est un super héros sans super pouvoir.""","Tytuł wpisu nie jest wysyłany na server. Jeśli twój tytuł wpisu to „Batman” definicja powinna zawierać słowo „Batman”.
Przykład: „Batman jest superbohaterem bez żadnych specjalnych mocy”","O título não foi enviado. Se seu título tiver “Batman” você deve ter “Batman” na definição.
Exemplo: “Batman é um super-herói sem poderes"""
LOW_RAM_HINT,,"Das ist eine experimentelle Funktion.
Sie reduziert den, vom Server benötigten, RAM um ungefähr die Hälfte","This is an experimental feature.
It reduces by ~2 the memory needed by the server.",,"C'est une fonctionnalité expérimentale.
Elle réduit de ~2 la mémoire nécessaire au serveur.","Jest to eksperymentalna funkcja.
Redukuje ~2 potrzebowanej przez serwer pamięci.",
LOW_RAM_MODE,,Niedriger RAM Modus,Low RAM mode,,Mode faible RAM,Niskie zużycie RAMu,
LUCK,Sort,Glück,Luck,Suerte,Chance,Szczęście,Sorte
MAIN_MENU,Menú Principal,Hauptmenü,Main Menu,Menú Principal,Menu Principal,Menu Główne,Menu principal
MAIN_MENU_CREDITS,Crèdits,Mitwirkende,Credits,Créditos,Crédits,Napisy,Créditos
MAIN_MENU_LOAD_STORY,Carregar Història,Geschichte laden,Load Story,Cargar Historia,Charger une Histoire,Wczytaj Historię,Carregar história
MAIN_MENU_NEW_STORY,Història Nova,Neue Geschichte,New Story,Nueva Historia,Nouvelle Histoire,Nowa Historia,Nova história
MAIN_MENU_OPTIONS,Opcions,Optionen,Options,Opciones,Options,Opcje,Opções
MAIN_MENU_QUIT,Sortir,Verlassen,Quit,Salir,Quitter,Wyjdź,Sair
MAIN_MENU_REPORT_BUG,Informar d'un error,Technischen Fehler melden,Report a bug,Informar de un error,Signaler un bug,Zgłoś błąd,Denunciar um bug
MAIN_MENU_SCENARIO_EDITOR,Editor d'Escenaris,Szenario-Editor,Scenario Editor,Editor de Escenarios,Éditeur de Scénario,Edytor Scenariusza,Editor de cenário
MAIN_MENU_SCENARIO_EDITOR_HINT,Modificar / Crear un nou escenari.,Bearbeiten / Erstellen Sie ein neues Szenario.,Edit / Create a new scenario.,Modificar / Crear un nuevo escenario.,Modifier / Créer un nouveau scénario.,Edytuj / Stwórz nowy scenariusz.,Editar / Criar um novo cenário
MAIN_MENU_STORY_EDITOR,Editor d'Històries,Story-Editor,Story Editor,Editor de Historias,Éditeur d'Histoire,Edytor Historii,Editor de história
MAIN_MENU_STORY_EDITOR_HINT,Modificar un dels teus fitxers de guardat.,Eine gespeicherte Geschichte bearbeiten,Edit one of your save.,Modificar uno de tus archivos de guardado.,Modifier une sauvegarde.,Edytuj jeden ze swoich zapisów.,Editar um de seus saves.
MAIN_MENU_TAG_LINE,Viure il·limitades i infinites aventures,Erleben Sie unbegrenzte und unendliche Abenteuer,Live unlimited and infinite adventures,Vivir ilimitadas e infinitas aventuras,Vivez des aventures sans limites et infinies,Przeżyj nielimitowane i nieskończone przygody,Vida ilimitada e aventuras ilimitadas
MAIN_MENU_WEBSITE,Lloc Web,Internetseite,Website,Sitio Web,Site Web,Strona,Website
MAJOR_SUCCESS_PREFIX,satisfactòriament,auf zufriedenstellende Art und Weise,satisfyingly,satisfactoriamente,réussie convenablement à,satysfakcjonująco,satisfatoriamente
MAX_TIME,Temps màxim,Maximale Zeit,Max time,Tiempo máximo,Temps max,Maksymalny czas,Tempo máximo
MAX_TIME_HINT,"El temps màxim que té la IA per generar text, en segons.","Die maximale Zeit in Sekunden, die Sie der KI geben, um Text zu generieren.","The maximum amount of time you allow the AI to generate text, in seconds.","El tiempo máximo que tiene la IA para generar texto, en segundos.","Le temps maximum que vous laissez à l'IA pour générer du texte, en secondes.","Maksymalna ilość czasu w jakim zezwalasz AI na generację tekstu, w sekundach.","O tempo máximo que você deixa a IA gerar texto, em segundos."
MEMORY_DIALOG_HINT,"Escriu aquí allò que la IA hauria de recordar.
Per exemple: “Ets l’Artús, Rei d'Anglaterra.\nEstàs en guerra amb Escòcia”","Schreiben Sie hier, woran sich die KI erinnern soll.
Beispiel: ""Sie sind Arthur, König von England.
Sie befinden sich im Krieg mit Schottland.""","Write here what the AI should remember.
Example: ""You are Arthur, King of England.\nYou are in war with Scotland""","Escribe aquí lo que la IA debería recordar.
Por ejemplo: “Eres Arturo, Rey de Inglaterra.\nEstás en guerra con Escocia”","Écrivez ici ce dont l'IA doit se souvenir.
Exemple : « Vous êtes Arthur, roi d'Angleterre.
Vous êtes en guerre contre l'Écosse""","Napisz to co powinno pamiętać AI.
Przykład: „jesteś Artur, król Anglii.\nJesteś w stanie wojny ze Szkocją”","Escreva aqui o que a IA deveria lembrar. Exemplo: “Você é Arthur, Rei ad Inglaterra. \nVocê está em guerra com a Escócia"""
MEMORY_MAX_LENGTH,Longitud de memòria màxima,Maximale Speicherlänge,Memory max length,Longitud de memoria máxima,Taille max de la mémoire,Maksymalna długość pamięci,Tamanho máximo da memória
MEMORY_MAX_LENGTH_HINT,Quants caràcters pot contenir la memòria.,Wie viele Zeichen der Speicher aufnehmen kann.,How many characters the memory can hold.,Cuantos caracteres puede contener la memoria.,Combien de caractères la mémoire peut contenir.,Jak wiele wyrazów może pomieścić pamięć.,Quantos caracteres a memória consegue guardr
MODEL_SELECTOR_125M_AID_HINT,Adequat per provar l'aventura a gran velocitat.,Am besten zum Testen von Abenteuern mit hoher Geschwindigkeit geeignet.,Mostly suitable for testing adventure at fast speed.,Adecuado para probar la aventura a gran velocidad.,Convient surtout pour tester l'aventure à vitesse rapide.,W większości odpowiednie do testowania przygód w szybkim czasie.,Mais adequado para testar aventura em velocidade rápida
MODEL_SELECTOR_BROWSE_MODEL,Cerca de models en línia,Online nach mehr Modellen suchen,Browse for models online,Búsqueda de modelos en línea,Rechercher des modèles en ligne,Przeglądaj modele online,Procurar modelos online
MODEL_SELECTOR_BUTTON,Selecciona un model,Modell auswählen,Select a model,Selecciona un modelo,Sélectionner un modèle,Wybierz model,Selecionar um modelo
MODEL_SELECTOR_CUSTOM_LABEL,Introdueix el nom del model de huggingface.com. El nom distingeix entre MaJúsCuLEs i mInÚScUleS.,Geben Sie den Namen des Modells von huggingface.com ein. Beim Namen muss die GrOß- UnD KleInScHrEiBuNg beachtet werden.,Enter the name of the model from huggingface.com. The name is CasEsenSitivE!,Introduce el nombre del modelo de huggingface.com. El nombre distingue entre MaYúsCuLAs y mInÚScUlaS.,Entrez le nom du modèle dans huggingface.com. Le nom est SeNsIbLeÀlACaSsE,Wpisz nazwę modelu ze strony huggingface.com. Nazwa to CasEsenSitivE!,Insira o nome do modelo do huggingface.com. O nome é SeNsíVeL!
MODEL_SELECTOR_GPT2_HINT,"El model funciona millor si es fa servir per al que va ser creat, que és la generació de textos a partir d'una entrada.","Dieses Modell ist gut dafür geeignet wozu es trainiert wurde, nämlich Texte aus einer Eingabeaufforderung zu generieren.","The model is best at what it was pretrained for, which is generating texts from a prompt.","El modelo funciona mejor si se usa para lo que fue creado, que es la generación de textos a partir de una entrada.","Le modèle est le meilleur à ce pour quoi il a été conçu, génèrer des textes à partir d'une entrée.","Model jest najlepszy do tego, do czego został wytrenowany, czyli do generowania tekstu z podpowiedzi.","O modelo é melhor para o que foi treinado, que é gerar textos a partir de um prompt."
MODEL_SELECTOR_GPT2_LARGE_HINT,Idèntic al gpt2-mitjà però més poderós.,"Wie gpt2-medium, nur leistungsfähiger.",Same than gpt2-medium but more powerful.,Idéntico al gpt2-medio pero más poderoso.,Identique à gpt2-medium mais plus puissant.,Podobny do gpt2-medium ale bardziej potężny.,Igual a gpt2-medium porém mais poderoso.
MODEL_SELECTOR_GPT2_MEDIUM_HINT,Idèntic al gpt2 però més poderós.,"Wie wie gpt2, nur leistungsfähiger.",Same than gpt2 but more powerful.,Idéntico al gpt2 pero más poderoso.,Identique à gpt2 mais plus puissant.,Podobny do gpt2 ale bardziej potężny.,Igual a gpt2 porém mais poderoso.
MODEL_SELECTOR_GPT2_XL_HINT,Idèntic al gpt2-gran però més poderós.,"Gleich wie gpt2-large, aber leistungsfähiger.",Same than gpt2-large but more powerful.,Idéntico al gpt2-grande pero más poderoso.,Identique à gpt2-large mais plus puissant.,Podobny do gpt2-large ale bardziej potężny.,Igual a gpt2-large porém mais poderoso.
MODEL_SELECTOR_GPT_J_6B_ADVENTURE_HINT,Un híbrid destinat a crear una experiència impulsada per la història equilibrada.,"Ein Hybrid, der darauf abzielt, eine ausgewogene Story-getriebene Erfahrung zu schaffen.",A hybrid aimed to create a balanced story driven experience.,Un híbrido destinado a crear una experiencia impulsada por la historia equilibrada.,Un hybride visant à créer une expérience équilibrée axée sur l'histoires.,Hybryda stworzona w celu doświadczenia przygody kierowanej wydarzeniami.,Um híbrido com objetivo de criar uma história balançeada.
MODEL_SELECTOR_GPT_J_6B_SKEIN_HINT,"Si vols jugar com a AI Dungeon, aquest és el que has de triar. Funciona molt bé amb 0.5 d'aleatorietat.","Wenn Sie wie AI Dungeon spielen möchten, ist dies die richtige Wahl.
Dieses Modell funktioniert hervorragend, wenn die Zufälligkeit auf 0,5 eingestellt ist.",If you wish to play like AI Dungeon this is the one to pick.It works great with the randomness set to 0.5 .,"Si quieres jugar como en AI Dungeon, éste es el que debes elegir. Funciona muy bien con la aleatoriedad en 0.5.","Si vous souhaitez jouer comme AI Dungeon, c'est celui à choisir.
Il fonctionne très bien avec l'aléatoire fixé à 0,5 .",Jeśli chcesz grać podobnie do AI Dungeon jest to opcja dla ciebie. Działa świetnie z losowością ustawioną na 0.5 .,Se você deseja jogar parecido com AI Dungeon essa é a escolha. Funciona bem com a randomização em 0.5.
MODEL_SELECTOR_GPT_NEO_125_HINT,Semblant al gpt2. El primer model compatible amb Aidventure.,Ähnlich gpt2.,Similar to gpt2. First model supported by AIdventure.,Parecido al gpt2. El primer modelo compatible con Aidventure.,Similaire à gpt2. Premier modèle supporté par AIdventure.,Podobny do gpt2. Pierwszy model wspierany przez Aidventure,Similar ao gpt-2. Primeiro modelo suportado por AIdventure.
MODEL_SELECTOR_GPT_NEO_13B_HINT,Idèntic al gpt-neo-125M però més poderós.,"Wie gpt-neo-125M, nur leistungsfähiger.",Same than gpt-neo-125M but more powerful.,Idéntico al gpt-neo-125M pero más poderoso.,Identique à gpt-neo-125M mais plus puissant.,Podobny do gpt-neo-125M ale bardziej potężny.,Igual a gpt-neo-125M porem mais poderoso.
MODEL_SELECTOR_GPT_NEO_27B_HINT,Idèntic al gpt-neo-1.3B però més poderós.,"Wie EleutherAI/gpt-neo-1.3B, nur leistungsfähiger.",Same than EleutherAI/gpt-neo-1.3B but more powerful.,Idéntico al gpt-neo-1.3B pero más poderoso.,Identique à gpt-neo-1.3B mais plus puissant.,Podobny do EleutherAI/gpt-neo-1.3B ale bardziej potężny.,Igual a EleutherAI/gpt-neo-1.3B porem mais poderoso.
MODEL_SELECTOR_HORNI_HINT,"Podeu seguir usant-se per a històries SFW, però tendirà a crear contingut NSFW.","Kann für SFW-Geschichten verwendet werden, aber neigt eher dazu NSFW-Geschichten zu generieren.",Can still be used for SFW stories but will have a bias towards NSFW content.,"Puede seguir usándose para historias SFW, pero tenderá a crear contenido NSFW.","Peut toujours être utilisé pour les histoires SFW, mais aura tendance a créer du contenu NSFW.","Wciąż może być używany do historii SFW (Bezpieczny Do Pracy), lecz będzie miał skłonność do NSFW (Nie Bezpieczny Do Pracy)",Ainda pode ser usado para história SFW mas terá um bias para conteúdo NSFW.
MODEL_SELECTOR_HORNI_LN_HINT,"Aquest model és semblant al Horni, però més SFW.
És un bon model per escriure novel·les, sobretot si vols afegir un cert contingut eròtic.","Dieses Modell ist Horni sehr ähnlich, aber eher SFW.
Dies ist ein gutes Modell zum Schreiben von Romanen, besonders wenn sie Erotik beinhalten sollen.","This model is much like the Horni, but more likely to go SFW.
This is a good model for Novel writing especially if you want to add erotica to the mix.","Este modelo es parecido al Horni, pero más SFW.
Es un buen modelo para escribir novelas, sobre todo si quieres añadir cierto contenido erótico.","Ce modèle ressemble beaucoup au modèle Horni, mais il est plus susceptible d'être SFW.
C'est un bon modèle pour l'écriture de roman surtout si vous voulez ajouter l'érotisme au mélange.","Ten model jest prawie identyczny do Horni, ale bardziej skierowany na SFW (Bezpieczny Do Pracy).
Jest to dobry model do pisania powieści, szczególnie jeśli chcesz dodać do niej elementy erotyczne.","Esse modelo é parecido com Horni, porém com tendência a SFW.
Esse é um bom modelo para escrever novelas onde você quer adicionar erótica no mix."
MODEL_SELECTOR_INSTRUCTION,"Escull un model pel teu joc.
Els models grans poden trigar a carregar. Si és la primera vegada que selecciones un model, el baixarà.","Wählen Sie ein Modell für Ihr Spiel aus.
Das Laden großer Modelle kann einige Zeit in Anspruch nehmen. ","Choose a model for your game.
Big models might take some time to load. If you are selecting a model for the first time it will download it.","Escoge un modelo para tu juego.
Los modelos grandes pueden tardar en cargar. Si es la primera vez que seleccionas un modelo, lo descargará.","Choisissez un modèle pour votre jeu.
Les gros modèles peuvent prendre du temps à charger. Si vous sélectionnez un modèle pour la première fois, il sera téléchargé.","Wybierz model dla swojej gry.
Dużym modelom wczytanie może zająć trochę czasu. Jeśli wybierasz model po raz pierwszy, zostanie on pobrany.","Escolha um modelo para seu jogo.
Modelos grandes podem demorar um tempo para carregar. Se estiver selecionando um modelo pela primeira vez ele será baixado."
MODEL_SELECTOR_NSFW_DISCLAIMER,"** La IA no hauria de generar contingut NSFW per si mateixa, però podria fer-ho si les entrades ho són.","** Die KI sollte keine NSFW-Inhalte selbst generieren, aber sie könnte es trotzdem tun, wenn Sie ihr NSFW-Eingaben geben.","** The AI shouldn't generate NSFW content by itself, but it might still do if you give it NSFW inputs.","** La IA no debería generar contenido NSFW por sí misma, pero podría hacerlo si tus entradas lo son.","** L'IA ne devrait pas générer de contenu NSFW par elle-même, mais elle pourrait tout de même le faire si vous lui donnez des entrées NSFW.","** AI nie powinno samo w sobie generować zawartośći NSFW (Nie Bezpieczny Do Pracy), lecz może to zrobić dzięki dawanym przez ciebie informacji na wejściu.","** A IA não deve gerar conteúdo NSFW por si próprio, mas pode gerar se você escrever coisas NSFW."
MODEL_SELECTOR_PICARD_HINT,"Es centra en l'escriptura estil Novel·la sense contingut NSFW.
Aquest model està dissenyat per a molts gèneres.","konzentriert sich auf das Schreiben im Romanstil ohne NSFW.
Dieses Modell ist für eine Vielzahl von Genres konzipiert","It is focused on Novel style writing without NSFW.
This model is designed for a variety of genre's","Se centra en la escritura estilo Novela sin contenido NSFW.
Este modelo está diseñado para multitud de géneros.","Il est axé sur l'écriture de sans NSFW.
Ce modèle est conçu pour une variété de genres.","Jest skupiony na stylu pisania powieści bez zawartości NSFW (Nie Bezpieczny Do Pracy).
Ten model jest przeznaczony do wielu kategorii.",É focado em um tipo de escrita sem NSFW. Esse modelo é feito para uma variedade de gêneros
MODEL_SELECTOR_RAM_DISCLAIMER,* La RAM requerida per la IA. En necessitaràs una mica més.,* Der von der KI benötigte Arbeitsspeicher.,* The RAM required by the AI itself. You will need a bit more.,* La RAM requerida por la IA. Necesitarás un poco más.,* La RAM requise par l'IA elle-même. Il vous en faudra un peu plus.,* RAM wymagany TYLKO przez AI. Ty będziesz potrzebował więcej.,* A RAM é requerida pela IA. Você precisará de um pouco mais.
MODEL_SELECTOR_SHINEN_HINT,"Comparat amb el GPT-Neo-2.7-Horni, aquest model utilitza molt més contingut sexual.",Im Vergleich zu GPT-Neo-2.7-Horni ist dieses Modell viel stärker auf sexuelle Inhalte ausgelegt.,"Compared to GPT-Neo-2.7-Horni, this model is much heavier on the sexual content.","Comparado con el GPT-Neo-2.7-Horni, este modelo usa mucho más contenido sexual.","Comparé au GPT-Neo-2.7-Horni, ce modèle est beaucoup plus sexuel.",W porównaniu z GPT-Neo-2.7-Horni ten model jest intensywniejszy w generowaniu zawartości seksualnych.,"Comparado ao GPT-Neo-2.7-Horni, esse modelo é mais pesado em conteúdo sexual."
NAME,Nom,Name,Name,Nombre,Nom,Nazwa,Nome
NB_BEAMS_HINT,"Si és superior a 1, executa una “beam search” per tenir un text més net.
Un 1 vol dir que no hi haurà cerca.","Wenn größer als 1, wird eine Strahlensuche für saubereren Text ausgeführt.
1 bedeutet keine Strahlensuche.","If greater than 1, executes beam search for cleaner text.
1 means no beam search.","Si es superior a 1, ejecuta una búsqueda de haz para tener un texto más limpio.
1 significa que no habrá búsqueda.","S'il est supérieur à 1, exécute la recherche de faisceau pour un texte plus propre.
1 signifie pas de recherche de faisceau.","Jeśli większy niż 1, przeprowadza wyszukanie promienia dla czystszego tekstu.
1 znaczy brak wyszukiwania promienia.","Se maior que 1,  executa uma busca por texto mais limpo. 1 significa sem busca."
NGRAM_SIZE_HINT,"Longitud del token per evitar la repetició de les frases.
Posar a 0 per deshabilitar-ho","Token-Länge, um die Wiederholung bestimmter Sätze zu vermeiden.
Auf 0 setzen, um sie zu deaktivieren.","Token length to avoid repeating given phrases.
Set to 0 to disable it.","Longitud del token para evitar la repetición de las frases.
Poner a 0 para deshabilitarlo","S'il est supérieur à 1, exécute la recherche de faisceau pour un texte plus propre.
1 signifie pas de recherche de faisceau.","Długość tokena w celu uniknięcia powtarzania się podanych fraz.
Ustaw na 0 aby wyłączyć.",Tamanho do token para impedir repetição de certas frases. Coloque em 0 para desabilitar.
NO,No,Nein,No,No,Non,Nie,Não
NORMAL_FAIL_PREFIX,falla,scheitern bei,fail to,falla,échoues à,nie udało się,falhou em
NORMAL_SUCCESS_PREFIX,aconsegueix,schaffen es zu,succeed to,logra,réussis à,udało się,sucedeu em
OK,D’acord,OK,Ok,Vale,Ok,Ok,Ok
OPEN...,Obrir…,Öffnen...,Open...,Abrir…,Ouvrir...,Otwórz…,Abrir…
OPTIONS_ADVANCED_OPTION_DISCLAIMER,"Només es recomana editar les opcions avançades si saps què estàs fent.
Si “espatlles” la generació, prem el botó “reiniciar”.","Es wird empfohlen, die erweiterten Optionen nur zu bearbeiten, wenn Sie wissen, was Sie tun.
Falls es bei der Generation fehler gibt, drücken Sie einfach die Schaltfläche ""Zurücksetzen"".","It is recommended to only edit the advanced options if you know what you are doing.
If you happen to ""break"" the generation, just press the ""reset"" button.","Solo se recomienda editar las opciones avanzadas si sabes lo que estás haciendo.
Si “rompes” la generación, pulsa el botón “reiniciar”. ","Il est recommandé de ne modifier les options avancées que si vous savez ce que vous faites.
Si vous arrivez à ""casser"" la génération, appuyez simplement sur le bouton ""réinitialiser"".","Zaleca się aby edytować zaawansowane opcje tylko jeśli wiesz co robisz.
Jeśli zdarzy ci się „zniszczyć” generację, wcisnij po prostu przycisk „reset”","É recomendado editar as opções avançadas apenas se souber o que está fazendo.
Se você acabar quebrando a geração, aperte no botão de reset."
OPTIONS_AI_TAB,Opcions de la IA,KI-Optionen,AI Options,Opciones de la IA,Options de l'IA,Opcje AI,Opções de IA
OPTIONS_AUTO_TRANSLATION_TAB,Traducció,Übersetzungen,Translation,Traducción,Traduction,Tłumaczenie,Traduções
OPTIONS_CONFIRM_RESET,Segur que vols reiniciar les opcions?,Möchten Sie die Optionen wirklich zurücksetzen?,Are you sure you want to reset the options?,¿Seguro que quieres reiniciar las opciones?,Êtes-vous sûr de vouloir réinitialiser les options ?,"Jesteś pewny, że chcesz zresetować ustawienia?",Você tem certeza que quer resetar as opções?
OPTIONS_DISPLAY,Mostrar,Anzeige,Display,Mostrar,Affichage,Pokaż,Tela
OPTIONS_FONT_HINT,"Pots afegir diferents tipus de lletra a la llista.
- Crea una carpeta “fonts” a la carpeta del joc
- Baixa lletres d’internet (https://www.dafont.com/)
- Fica l’arxiu “.ttf” a la carpeta “fonts”
- Recarrega","Sie können der Liste benutzerdefinierte Schriftarten hinzufügen.
- Im Aidventure-Ordner einen Unterordner erstellen
- Den neuen Ordner in „fonts“ umbenennen
- Schriftarten können online heruntergeladen werden ( z.b. https://www.dafont.com/)
- Die „ttf“-Dateien in den „fonts“ Ordner kopieren
- Neu laden","You can add custom fonts to the list.
- Create a ""fonts"" folder in the game folder
- Download fonts online (https://www.dafont.com/)
- Add the "".ttf"" file in the fonts folder
- Reload.","Puedes añadir distintos tipos de letra a la lista.
- Crea una carpeta “fonts” en la carpeta del juego
- Descarga letras de internet (https://www.dafont.com/)
- Mete el archivo “.ttf” en la carpeta “fonts”
- Recarga","Vous pouvez ajouter des polices personnalisées à la liste.
- Créer un dossier ""fonts"" dans le dossier du jeu
- Télécharger des polices en ligne (https://www.dafont.com/)
- Ajouter le fichier "".ttf"" dans le dossier fonts
- Recharger.","Możesz dodać własne czcionki do listy.
-Stwórz folder o nazwie „fonts” w folderze gry
-Pobierz czcionki z internetu (https://www.dafont.com/)
-Dodaj plik o rozszerzeniu „ttf” w folderze fonts
-Uruchom grę ponownie","Você poded adicionar fontes customizadas a lista.
- Criar uma pasta “fonts” na pasta do jogo
- Baixar fontes online (https://www.dafont.com/)
- Adicionar o arquivo “.ttf” na pasta fontes
- Reiniciar o jogo"
OPTIONS_HIDE_TOP_BAR,Amagar el menú superior,Obere Menüleiste ausblenden,Hide the top bar menu,Ocultar el menú superior,Cacher le menu supérieur,Schowaj górne meny,Esconder o menu do topo
OPTIONS_HIDE_TOP_BAR_HINT,"Amagarà el menú superior del joc.
Podràs seguir accedint al menú prement la tecla ESC.","Blendet die obere Leiste aus.
Das Menü kann immer noch mit der ESC-Taste aufgerufen werden.","It will hide the top bar in the game.
You can still access the menu by pressing the ESC key.","Ocultará el menú superior del juego.
Podrás seguir accediento al menú pulsando la tecla ESC.","Va masquer la barre supérieure dans le jeu.
Vous pouvez toujours accéder au menu en appuyant sur la touche ECHAP.","Ukryje górne menu podczas gry.
Wciąż możesz z niego skorzystać wciskając klawisz ESC.","Esconderá o menu do topo no jogo.
Você ainda poderá acessar apertando ESC."
OPTIONS_LINE_SEPARATION_HINT,L'espai entre dues línies.,Der Abstand zwischen zwei Zeilen.,The space left between two lines.,El espacio entre dos líneas.,L'espace entre deux lignes,Przestrzeń pomiędzy dwoma liniami.,O espaço restante entre duas linhas.
OPTIONS_POV,El punt de vista de la història.,Perspektive der Geschichte,Story's point of view,El punto de vista de la historia.,Point de vue de l'histoire,historyczny punkt widzenia,Ponto de vista da história
OPTIONS_POV_HINT,Farà servir “Tu” o “Jo” per a les entrades.,"Die KI wird ""Du"" oder ""Ich"" in Ihren Eingaben verwenden","It will use ""You"" or ""I"" in your inputs",Usará “Tú” o “Yo” para las entradas.,"Va utiliser ""Tu"" ou ""Je"" pour les actions",Będzie używało „Ty” lub „Ja” w twoich wejściach,Usara “Você” ou “Eu” em seus inputs
OPTIONS_PREFERENCES_TAB,Preferències,Einstellungen,Preferences,Preferencias,Préférences,Preferencje,Preferências
OPTIONS_RELOAD_LABEL,Hauràs de tornar al menú principal per aplicar la modificació.,"Bitte kehren Sie zum Hauptmenü zurück, um die Änderungen zu übernehmen",You will need to return to the main menu to apply the modification.,Deberás volver al menú principal para aplicar la modificación.,Vous devrez revenir au menu principal pour appliquer la modification.,Będziesz musiał wrócić do menu aby zastosować modyfikacje,Você precisará retornar ao menu principal para aplicar as modificações.
OPTIONS_REMOTE_SERVER,Connectar-se a un servidor remot,Mit einem Remote-Server verbinden,Connect to a remote server,Conectarse a un servidor remoto,Se connecter à un serveur distant,Połącz do zdalnego serwera,Conectar ao servidor remoto
OPTIONS_SERVER_DISCLAIMER,"Si no saps què estàs fent, no canviïs res d'aquí.","Wenn Sie nicht wissen, was das ist, ändern Sie nichts.","If you don't know what you are doing, don't change anything here.","Si no sabes lo que estás haciendo, no cambies nada de aquí.","Si vous ne savez pas ce que vous faites, ne changez rien ici.","Jeśli nie wiesz co robisz, nic to nie zmieniaj.","Se você não sabe o que está fazendo, não mude nada aqui."
OPTIONS_SERVER_SECURITY_DISCLAIMER,"Ara com ara la comunicació amb el servidor no és segura.
Fes servir això només per a xarxes locals.",Momentan ist die Kommunikation mit Remote-Servern nicht sicher und ist daher nur in lokalen Netzen zu verwenden.,For now the communication with the server isn't secure. Use this for local networks only.,"Por ahora la comunicación con el servidor no es segura.
Usa esto solo para redes locales.","Pour l’instant, la communication avec le serveur n’est pas sécurisée. Utilisez-la uniquement pour les réseaux locaux.",Na obecny moment komunikacja z serwerem nie jest bezpieczna. Używaj tylko w sieci domowej.,Por enquanto a comunicação com o servidor não é segura. Use isso apenas para redes locais.
OPTIONS_SERVER_TAB,Servidor.,Server,Server,Servidor.,Serveur,Serwer,Servidor
OPTIONS_STORY_READER,Preferències del lector de la història:,Story Reader Einstellungen,Story reader preferences:,Preferencias del lector de la historia:,Préférences du lecteur d'histoire,Preferencje czytnika historii:,Preferências de leitura da história
OVERWRITE_FILE_DIALOG,"Ja existeix un arxiu amb aquest nom.
Si cliques a ""D'acord"", sobreescriuràs l'antic.
No hi ha marxa enrere.","Eine Datei mit diesem Namen existiert bereits.
Mit dem Klicken auf „OK“ wird diese Datei überschrieben.
Dies kann nicht rückgängig gemacht werden.","A file already has this name.
If you click ""OK"" you will overwrite the old one.
There is no going back.","Ya existe un archivo con este nombre.
Si haces clic en ""Aceptar"", sobrescribirás el antiguo.
No hay vuelta atrás.","Un fichier a déjà ce nom.
Si vous cliquez sur ""OK"" vous écraserez l'ancien.
Il n'y a pas de retour en arrière.","Istnieje już plik o takiej nazwie.
Jeśli naciśniesz „OK” nadpiszesz poprzedni.
Nie ma powrotu.","Um arquivo já tem esse nome.
Se você clicar em “OK” você irá sobrescrever o antigo.
Não terá volta."
PLAY,Jugar,Spielen,Play,Jugar,Jouer,Zagraj,Jogar
PLEASE_WAIT,"Espera, si us plau…",Bitte warten.,Please wait,"Espera, por favor…",Veuillez patienter,Proszę poczekać,Por favor aguarde
PREVIEW_IMAGE,,Vorschaubild,Preview image,,Image de présentation,Podgląd obrazka,
PRIVATE,,Privat,Private,,Privée,Prywatne,
PUBLIC,,Öffentlich,Public,,Publique,Publiczne,
RANDOMNESS,Aleatorietat,Zufälligkeit,Randomness,Aleatoriedad,Aléatoire,Losowość,Aleatoriedade
RANDOMNESS_HINT,"Fa que el text generat sigui més o menys coherent.
Normalment anomenat “Temperatura”, 0 significa que no hi ha aleatorietat.","Macht generierten Text mehr oder weniger zufällig.
Gewöhnlich als ""Temperatur"" bezeichnet, bedeutet 0 keine Zufälligkeit.","Make the generated text more or less coherent.
Commonly named ""Temperature"", 0 means no randomness.","Hace que el texto generado sea más o menos coherente.
Llamado comúnmente “Temperatura”, 0 significa que no hay aleatoriedad.","Rends plus ou moins cohérent le texte généré.
Aussi appelée ""Température"", 0 signifie pas d'aléatoire","Zrób wygenerowany tekst mniej lub bardziej spójny.
Powszechnie nazywana „Temperatura”, 0 oznacza brak losowości.","Faz o texto gerado ser mais ou menos coerente.
Comumente chamado de “Temperatura”, 0 significa sem aleatoriedade."
READ_TOS,,Lesen Sie die Nutzungsbedingungen!,Read the terms of use,,Lire les conditions d'utilisation,Przeczytaj warunki użytkowania,
REMOVE_UNFINISHED_SENTENCES,Esborra les frases incompletes.,unvollendete Sätze entfernen,Remove unfinished sentences,Borra las frases incompletas.,Supprimer les phrases incomplètes,Zlikwiduj niedokończone zdania,Remover sentenças inacabadas
REMOVE_UNFINISHED_SENTENCES_HINT,"Esborra l'última frase si la IA no l'ha acabat.
Podria esborrar el text sencer si la “longitud màxima” és massa curta!","Löscht den letzten Satz, wenn die KI ihn nicht beendet hat.
Es könnte die gesamte Ausgabe löschen, wenn ""Maximal generierte länge"" zu klein ist!","Delete the last sentence if the AI didn't finish it.
It might delete the whole output if ""max length"" is too small!","Borra la última frase si la IA no la ha terminado.
¡Podría borrar el texto entero si la “longitud máxima” es demasiado corta!","Supprimez la dernière phrase si l'IA ne l'a pas terminée.
Il pourrait supprimer toute la sortie si ""longueur max"" est trop petite!","Usuń ostatnie zdanie jeśli AI go nie dokończyło.
Może to usunąć całe wyjście jeśli „maksymalna wielkość” jest zbyt mała!","Deleta a última sentença se a IA não tiver terminado.
Pode deletar a sentença inteira se “tamanho máximo” for pequeno demais!"
RENAME,Reanomenar,Umbenennen,Rename,Renombrar,Renommer,Zmień nazwę,Renomear
REPETITION_PENALTY,Penalització per repetició,Wiederholungsstrafe,Repetition penalty,Penalización por repetición,Pénalité de répétition,Kara za powtarzalność,Punição por repetição
REPETITION_PENALTY_HINT,"Si és superior a 1.0, penalitza la repetició en un text per evitar bucles infinits.
Un 1 vol dir que no hi ha penalització.","Wenn größer als 1,0, werden Wiederholungen in einem Text bestraft, um Endlosschleifen zu vermeiden.
1 bedeutet keine Strafe.","If greater than 1.0, penalizes repetition in a text to avoid infinite loops.
1 means no penalty.","Si es superior a 1.0, penaliza la repetición en un texto para evitar bucles infinitos.
1 significa que no hay penalización.","S'il est supérieur à 1,0, pénalise la répétition dans un texte pour éviter les boucles infinies.
1 signifie pas de pénalité.","Jeśli większe od 1.0, kara za powtarzalność tekstu aby unikać nieskończonych pętli.
1 oznacza brak kar","Se maior que 1.0, penaliza a repetição no texto para impedir loop infinito.
1 significa sem penalidade."
REROLL,Tornar a llançar,Neu würfeln,Reroll,Volver a lanzar,Relancer,Rzuć ponownie,Rolar novamente
RESET_TO_DEFAULT,Restablir els valors per defecte,Auf Standard zurücksetzen,Reset to default,Restablecer los valores por defecto,Réinitialiser par défaut,Zresetuj do domyślnych,Resetar para padrão
RESIZER_HINT,Mantingues el clic esquerre per redimensionar.,Linke Maustaste zur Größenänderung gedrückt halten.,Hold left click to resize.,Mantén el clic izquierdo para redimensionar.,Maintenir click gauche pour redimensionner.,Przytrzymaj lewy przycisk myszy aby zmienić rozmiar,Segure o botão esquerdo para redimensionar.
RESUME,Continuar,Fortsetzen,Resume,Continuar,Continuer,Wznów,Resumir
ROLL_THE_DICE,Llançar el dau!,Würfeln!,Roll the dice!,¡Lanzar el dado!,Lancer les dès!,Rzuć kością!,Rodar o dado!
SAFE_FOR_WORK,SFW**,Safe for work**,Safe for work**,SFW**,Safe for work**,Bezpieczne Do Pracy**,Safe for work**
SAVE,Desar,Speichern,Save,Guardar,Sauvegarder,Zapisz,Salvar
SAVE_AS,Desar com…,Speichern als...,Save as...,Guardar como…,Sauvegarder sous...,Zapisz jako…,Salvar como…
SAVE_DIALOG_PLACEHOLDER,La meva súper història,Meine Superstory,My super story,Mi superhistoria,Ma super histoire,Moja wspaniała historia,Minha super história
SAVE_DIALOG_TEXT,Anomena la teva història :,Benennen Sie Ihre Geschichte:,Name your story :,Nombra tu historia :,Nommez votre histoire :,Nazwij swoją historię:,Nomeie sua história:
SAY_PREFIX,digues,sagen,say,di,dis,mów,dizer
SCENARIO_EDITOR_AUTHOR_FIELD,Autor,Autor,Author,Autor,Auteur,Autor,Autor
SCENARIO_EDITOR_CATEGORY_FIELD,Categoria,Kategorie,Category,Categoría,Catégorie,Kategoria,Categoria
SCENARIO_EDITOR_MEMORY_FIELD,Memòria,Speicher,Memory,Memoria,Mémoire,Pamięć,Memória
SCENARIO_EDITOR_MEMORY_HINT,"La memòria té un límit per defecte. Recomano deixar-lo curt (màx. 400 caràcters).
Però això és només una recomanació. Ets lliure d'experimentar.","Der Speicher hat eine Standardgrenze. Ich würde dazu raten sie kurz zu lassen (Maximal 400 Zeichen).
Das ist aber nur eine Empfehlung, Sie können auch damit experimentieren.","The memory has a default limit. I recommend to keep it short (max 400 characters).
This is only a recommendation though. Feel free to experiment.","La memoria tiene un límite por defecto. Recomiendo dejarlo en corto (máx. 400 caracteres).
Pero esto es solo una recomendación. Siéntete libre de experimentar.","La mémoire a une limite par défaut. Je recommande de la garder courte (maximum de 400 caractères).
Ceci n'est qu'une recommandation.N'hésitez pas à expérimenter.","Pamięć posiada domyślny limit. Zaleca się aby był krótki (maksymalnie 400 liter)
Jest to tylko rekomendacja. Jeśli chcesz możesz śmiało eksperymentować.","A memória tem um limite padrão. É recomendado mantê-la curta (máximo 400 caracteres).
Isso é apenas uma recomendação então sinta-se livre para experimentar."
SCENARIO_EDITOR_OPEN,Obrir un escenari,Ein Szenario öffnen,Open a scenario,Abrir un escenario,Ouvrir un scénario,Otwórz scenariusz,Abrir um cenário
SCENARIO_EDITOR_SCENARIO_FIELD,Escenari,Szenario,Scenario,Escenario,Scénario,Scenariusz,Cenário
SCENARIO_EDITOR_SCENARIO_HINT,La introducció a la teva història. Pots detallar-la tant com vulguis.,"Die Einführung Ihrer Geschichte. Sie kann so Detailreich sein, wie Sie wollen.",The introduction to your story. You can detail as much as you want.,La introducción a tu historia. Puedes detallarla tanto como quieras.,L'introduction de votre histoire. Vous pouvez la détailler comme vous le souhaitez.,Instrukcja dla twojej historii. Możesz zamieścić tyle detali ile chcesz.,A introdução da sua história. Você pode detalhar o quanto quiser.
SCENARIO_EDITOR_TITLE,Editor d'Escenaris,Szenario-Editor,Scenario Editor,Editor de Escenarios,Éditeur de Scénario,Edytor scenariusza,Editor de cenário
SECOND_PERSON_PRONOUN,Tu,du,You,Tú,Tu,Ty,Você
SELECTION_COLOR,Color de la selecció,Auswahlfarbe,Selection color,Color de la selección,Couleur de la sélection,Kolor wyboru,Cor de seleção
SELECT_LANGUAGE,,Sprache auswählen,Select a language,,Sélectionnez une langue,Wybierz język,
SERVER_IP,IP del servidor,IP des Servers,Server's IP,IP del servidor,IP du serveur,IP serwera,IP do Servidor
SERVER_PORT,Port del servidor,Port des Servers,Server's port,Puerto del servidor,Port du serveur,Port serwera,Port do Servidor
SHARE,,Teilen,Share,,Partager,Udostępnij,
SHARE_CONTENT,,Inhalt teilen,Share content,,Partager du contenu,Udostępnij zawartość,
SIZE,Mida,Größe,Size,Tamaño,Taille,Rozmiar,Tamanho
SKIP,Ometre,überspringen,Skip,Omitir,Ignorer,Pomiń,Pular
STATUS_CONNECTED_TO_SERVER,Connexió al servidor amb èxit.,Erfolgreich mit dem Server verbunden.,Successfully connected to the server.,Conexión al servidor exitosa.,Connexion au serveur réussie.,Pomyślnie połączono z serwerem.,Conectado com sucesso ao servidor.
STATUS_CONNECTING_TO_SERVER,Connectant amb el servidor.,Verbinde mit dem Server.,Connecting to the server.,Conectando con el servidor.,Connection au serveur.,Łączenie z serwerem.,Conectando ao servidor.
STATUS_CONNECTION_TO_SERVER_FAILED,Connexió al servidor fallida.,Die Verbindung zum Server ist fehlgeschlagen.,The connection to the server failed.,Conexión al servidor fallida.,Connexion au serveur échouée.,Połączenie z serwerem nie powiodło się.,A conexão com o servidor falhou.
STATUS_LOADING_AI,Carregant la IA :,KI wird geladen:,Loading AI :,Cargando la IA :,Chargement de l'IA :,Wczytywanie AI:,Carregando IA :
STATUS_LOADING_TRANSLATOR,Carregant el traductor.,Übersetzer wird geladen,Loading the translator.,Cargando el traductor.,Chargement du traducteur.,Wczytywanie tłumacza.,Carregando o tradutor.
STATUS_MODEL_LOADED,Model carregat.,Modell geladen.,Model loaded.,Modelo cargado.,Model chargé.,Model wczytany.,Modelo carregado.
STATUS_MOVING_FILES_TO_GAME,Movent els arxius a la carpeta del joc.,Dateien werden in den Ordner des Spiels verschoben.,Moving the files to the game's folder.,Moviendo los archivos a la carpeta del juego.,Déplacement des fichiers dans le dossier du jeu.,Przenoszenie plików do folderu gry.,Transferindo os arquivos para a pasta do jogo.
STATUS_STARTING_SERVER,Iniciant el servidor.,Server wird gestartet.,Starting the server.,Iniciando el servidor.,Démarrage du serveur.,Uruchamianie serwera.,Iniciando o servidor.
STATUS_TRANSLATOR_LOADED,Traductor carregat.,Übersetzer ist vollständig geladen,Translator loaded.,Traductor cargado.,Traducteur chargé.,Tłumacz wczytany,Tradutor carregado.
STORY_EDITOR_CHARACTER_EDITOR,Obrir l’editor de personatge,Charakter-Editor öffnen,Open character editor,Abrir el editor de personaje,Ouvrir l'éditeur de personnage,Otwórz edytor postaci,Abrir editor de personagem
STORY_EDITOR_OPEN_SCENARIO_FOLDER,Obrir la carpeta de l'escenari,Szenario-Ordner öffnen,Open scenario's folder,Abrir la carpeta del escenario,Ouvrir le dossiers des scénarios,Otwórz folder ze scenariuszami,Abrir pasta de cenário
STORY_EDITOR_OPEN_STORY,Obrir una història,Geschichte öffnen,Open a story,Abrir una historia,Ouvrir une histoire,Otwórz historię,Abrir uma história
STORY_EDITOR_OPEN_STORY_FOLDER,Obrir la carpeta de les històries,Ordner der Geschichte öffnen,Open stories' folder,Abrir la carpeta de las historias,Ouvrir le dossiers des histoires,Otwórz folder z historiami,Abrir pasta de histórias
STORY_EDITOR_TITLE,Editor d'Històries,Geschichten-Editor,Story Editor,Editor de Historias,Éditeur d'Histoire,Edytor Historii,Editor de história
STRENGTH,Força,Stärke,Strength,Fuerza,Force,Siła,Força
SUCCESS_UPLOAD_TO_WORKSHOP,,Erfolgreich in den Workshop hochgeladen!,Successfully uploaded to the Workshop.,,Envoyé avec succès dans le Workshop.,Pomyślnie przesłano do Warsztatu,
TAG_1ST_PERSON,,Ich-Perspektive,1st Person,,1ère Personne,Pierwszoosobowy,
TAG_2ND_PERSON,,Du-Perspektive,2nd Person,,2ème Personne,Drugoosobowy,
TAG_ADVENTURE,,Abenteuer,Adventure,,Aventure,Przygoda,
TAG_CYBERPUNK,,Cyberpunk,Cyberpunk,,Cyberpunk,Cyberpunk,
TAG_DARK,,Düster,Dark,,Sombre,Ciemność,
TAG_DYSTOPIAN,,Dystopisch,Dystopian,,Dystopique,Dystopia,
TAG_FANTASY,,Fantasy,Fantasy,,Fantaisie,Fantastyka,
TAG_FEMALE_PROTAGONIST,,weibliche Protagonistin,Female Protagonist,,Protagoniste Féminine,Żeński Protagonista,
TAG_HISTORICAL,,Historisch,Historical,,Historique,Historyczne,
TAG_HORROR,,Horror,Horror,,Horreur,Horror,
TAG_LGBTQ,,LGBTQ,LGBTQ+,,LGBTQ+,LGBTQ+,
TAG_LOREBOOK_INCLUDED,,Enthält Lorebook,Lorebook Included,,Encyclopédie Incluse,Zawiera Księgę wiedzy,
TAG_MALE_PROTAGONIST,,Männlicher Protagonist,Male Protagonist,,Protagoniste Masculin,Męski Protagonista,
TAG_MEDIEVAL,,Mittelalter,Medieval,,Médiéval,Średniowiecze,
TAG_MODERN_ERA,,Moderne Ära,Modern Era,,Époque Moderne,Epoka Nowożytna,
TAG_MYSTERY,,Geheimnisvoll,Mystery,,Mystère,Tajemnica,
TAG_PIRATE,,Piraten,Pirate,,Pirate,Pirat,
TAG_POST_APOCALYPTIC,,Post Apokalyptisch,Post-Apocalyptic,,Post-apocalyptique,Post-Apokalipsa,
TAG_ROMANCE,,Romantisch,Romance,,Romance,Romans,
TAG_SCIENCE_FICTION,,Science Fiction,Science Fiction,,Science Fiction,Science Fiction,
TAG_STEAMPUNK,,Steampunk,Steampunk,,Steampunk,Steampunk,
TAG_THRILLER,,Thriller,Thriller,,Thriller,Thriller,
TAG_UPLIFTING,,Aufbauend,Uplifting,,Exaltant,Podnoszący na duchu,
TAG_WILD_WEST,,Wilder Westen,Wild West,,Far West,Dziki Zachód,
TAG_ZOMBIE,,Zombie,Zombie,,Zombie,Zombie,
TOOLTIP_LABEL,Posa el cursor sobre els noms dels models per mostrar una descripció emergent.,"Bewegen Sie den Mauszeiger über die Namen der Modelle, um zusätzliche Informationen zu erhalten.",Hover the models' names to display the tooltip,Coloca el cursor sobre los nombres de los modelos para mostrar una descripción emergente.,Placez le curseur sur les noms des modèles pour afficher l'infobulle,Najedź na nazwy modeli aby wyświetlić wskazówki,Passe o mouse no nome do modelo para mostrar a dica
TOP_K_HINT,"Les següents K paraules més probables són filtrades i la massa de probabilitat es redistribueix, únicament, entre aquestes K paraules següents. Posar a 0 per deshabilitar-ho.","Die K wahrscheinlichsten nächsten Wörter werden gefiltert und die Wahrscheinlichkeitsmasse wird nur unter diesen K nächsten Wörtern neu verteilt.
Auf 0 setzen, um sie zu deaktivieren.","The K most likely next words are filtered and the probability mass is redistributed
among only those K next words.
Set to 0 to disable it.","Las siguientes K palabras más probables son filtradas y la masa de probabilidad se redistribuye, únicamente, entre esas K palabras siguientes. Poner a 0 para deshabilitarlo.","Les mots suivants K les plus probables sont filtrés
et la masse de probabilité est redistribuée
parmi les seuls K mots suivants.
Mettre à 0 pour le désactiver.","K bardzo prawdopodobne, że następne słowa są filtrowane i wartość prawdopodobieństwa
jest rozdzielona podzielona tylko pomiędzy tych K następnych wyrazów.
Ustaw na 0 aby wyłączyć.","As K próximas palavras são filtradas e a massa de probabilidade redistribuída 
entre essas K próxima palavras.
Deixe em 0 para desabilitar."
TOP_P_HINT,"Tria d’entre el conjunt de paraules més petit possible, la probabilitat acumulada del qual superi la probabilitat p.
Llavors, la massa de probabilitat es redistribuirà entre aquest conjunt de paraules.
Si el valor es < 1, només es conservaran els tokens amb més probabilitats de sumar a top_p, per la generació.
Posar a 0 per desactivar-ho.","Wählt aus der kleinstmöglichen Menge von Wörtern aus, deren kumulative Wahrscheinlichkeit die Wahrscheinlichkeit p übersteigt.
Die Wahrscheinlichkeitsmasse wird dann unter dieser Menge von Wörtern neu verteilt.
Wenn auf < 1 gesetzt, werden nur die wahrscheinlichsten Token, deren Wahrscheinlichkeitssumme top_p oder höher ist,  für die nächste Generation behalten.
Zum Ausschalten auf 0 setzen.","Chooses from the smallest possible set of words whose cumulative probability exceeds the probability p.
The probability mass is then redistributed among this set of words.
If set to < 1, only the most probable tokens with probabilities that
add up to top_p or higher are kept for generation.
Set to 0 to disable it.","Elige de entre el conjunto de palabras más pequeño posible, cuya probabilidad acumulada supere la probabilidad p.
Entonces, la masa de probabilidad se redistribuirá entre este conjunto de palabras.
Si el valor es < 1, solo se conservarán los tokens con más probabilidades de que le sumen a top_p, para la generación.
Poner a 0 para desactivarlo.","Choisit les plus petit ensemble possible de mots dont le cumul
de probabilité dépasse la probabilité p.
La masse de probabilité est ensuite redistribuée parmi cet ensemble de mots.
Si la valeur est < 1, seuls les jetons les plus probables avec des
probabilités qui s'additionnent jusqu’à top_p ou plus sont conservées pour la génération.
Mettre à 0 pour le désactiver.","Wybierz z jak najmniejszego zestawu wyrazów których skumulowane prawdopodobieństwo przekracza prawdopodobieństwo p.
Wartość prawdopodobieństwa jest wtedy rozdzielona pomiędzy ten zestaw wyrazów.
Jeśli ustawione na mniejsze niż 1, tylko najbardziej prawdopodobne
tokeny z szansą aby dostać się do top_p są zachowywane do generacji.
Ustaw 0 aby wyłączyć.","Escolhe o menor tamanho de um conjunto de palavras as quais a probabilidade cumulativa excede a probabilidade p.
A massa da probabilidade é então redistribuída entre esse conjunto de palavras.
Se deixar < 1, apenas os tokens mais prováveis com probabilidades que somam até top_p ou maior são mantidas para geração.
Deixe em 0 para desabilitar."
TRANSLATE_SCENARIO_INFO,Sembla que aquest escenari és en anglès. Vols que el joc el tradueixi al teu idioma?,"Dieses Szenario scheint Englisch zu sein. Möchten Sie, dass das Spiel dieses Szenario auf Ihre Sprache übersetzt?",This scenario seems to be in English. Do you want the game to translate the scenario to your language?,Parece que este escenario está en inglés. ¿Quieres que el juego lo traduzca a tu idioma?,Ce scénario semble être en anglais. Voulez-vous que le jeu traduise le scénario dans votre langue?,"Wygląda na to, że ten scenariusz jest po angielsku. Czy chcesz go przetłumaczyć na polski?",Esse cenário parece estar em inglês. Você quer que o jogo traduza automaticamente para sua língua?
TYPE_OF_FILE,,Dateityp,Type of file,,Type de fichier,Typ pliku,
UPDATE_CONTENT,,Inhalt aktualisieren,Update content,,Mettre à jour du contenu,Zaktualizuj zawartość,
UPLOAD_TO_WORKSHOP,,In den Workshop hochladen,Upload to the Workshop,,Envoyer vers le Workshop,Prześlij do Warsztatu,
USE_GPU,Fer servir el GPU,GPU verwenden,Use the GPU,Usar el GPU,Utiliser le GPU,Używaj karty graficznej,Usar a GPU
USE_GPU_HINT,"Si s’activa, es farà servir la GPU en comptes de la CPU.
Això farà que la IA sigui més ràpida.
Consulta la llista de GPUs compatibles a “https://developer.nvidia.com/cuda-gpus”.","Falls aktiv, wird Ihre GPU anstelle Ihrer CPU verwendet.
Das macht die KI schneller.
Unter https://developer.nvidia.com/cuda-gpus finden Sie eine Liste kompatibler GPUs.","If enabled, your GPU will be used instead of your CPU.
It will make the AI faster.
Check https://developer.nvidia.com/cuda-gpus for the list of compatible GPU.","Si se activa, se usará la GPU en vez de la CPU.
Eso hará que la IA sea más rápida.
Consulta la lista de GPUs compatibles en “https://developer.nvidia.com/cuda-gpus”.","S'il est activé, votre GPU sera utilisé à la place de votre CPU.
Cela accélérera l'IA. 
Consultez https://developer.nvidia.com/cuda-gpus pour la liste des GPU compatibles.","Jeśli włączone, twoja karta będzie używana zamiast procesora.
Uczyni to AI szybszym
Sprawdź https://developer.nvidia.com/cuda-gpus po listę wspieranych kart graficznych.","Se habilitado, sua GPU será usada ao invés a sua CPU.
Fará a IA mais rápida.
Verifique  https://developer.nvidia.com/cuda-gpus para uma lista de GPU compatíveis."
VALIDATE,Validar,Bestätigen,Validate,Validar,Valider,Zezwól,Valiar
VISIBILITY,,Sichtbarkeit,Visibility,,Visiblité,Widzialność,
WISDOM,Saviesa,Weisheit,Wisdom,Sabiduría,Sagesse,Mądrość,Sabedoria
WORKSHOP_UPLOAD_ACCEPT_DIALOG,,"Sind Sie sich sicher, das sie diesen Gegenstand hochladen möchten?",Are you sure you want to upload this item?,,Voulez-vous vraiment publier cet objet?,"Jesteś pewny, że chcesz przesłać ten przedmiot?",
WORKSHOP_UPLOAD_BUTTON_HINT,,"Um etwas in den Workshop hochzuladen, müssen Sie die Abonnentenbedingungen akzeptieren.
Außerdem müssen die folgenden Schritte erfüllt sein:
- Sichtbarkeit festlegen
- Sprache festlegen
- Einen Titel eintragen
- Eine Beschreibung hinzufügen
- Mindestens ein Tag auswählen","To upload on the workshop you must accept the Steam Subscriber Agreement.
You also need to complete the following:
- Specify a visibility
- Specify the language
- Write a title
- Write a description
- Select at least one tag",,"Pour publier sur le Workshop, vous devez accepter les conditions d'utilisation Steam. Vous devez également effectuer les opérations suivantes :
- Spécifier une visibilité
- Préciser la langue
- Écrire un titre
- Rédiger une description
- Sélectionnez au moins une balise","Aby przesłać do warsztatu musisz zaakceptować Umowę użytkownika Steam.
Musisz również spełniać podane wymagania:
- Wybierz widoczność
- Wybierz język
- Napisz tytuł
- Napisz opis
- Wybierz przynajmniej jeden tag",
WRONG_FONT_WARNING,,,"The font you are using might not correctly display the language you selected.
Do you want to use the recommended font?",,"La police que vous utilisez risque de ne pas pouvoir afficher la langue que vous avez sélectionnée.
Voulez-vous utiliser la police recommandée?","Czcionka której używasz może nie być kompatybilna z językiem który wybrałeś.
Czy chcesz użyć polecanej czcionki?",
YES,Sí,Ja,Yes,Sí,Oui,Tak,Sim
YOUR_ITEMS,,Deine Gegenstände,Your items,,Vos objets,Twoje przedmioty,
